KG id,KG name,Sparql endpoint,SPARQL endpoint URL,Availability of RDF dump (metadata),Availability of RDF dump (query),URL for download the dataset,Inactive links,Age of data,Modification date,Percentage of data updated,Time elapsed since last modification,Historical updates,Languages (query),Languages (metadata),Serialization formats,Availability for download (query),Availability for download (metadata),Use HTTPS,Requires authentication,Average length of URIs (subject),Standard deviation lenght URIs (subject),Min length URIs (subject),25th percentile length URIs (subject),Median length URIs (subject),75th percentile length URIs (subject),Max length URIs (subject),Average length of URIs (predicate),Standard deviation lenght URIs (predicate),Min length URIs (predicate),25th percentile length URIs (predicate),Median length URIs (predicate),75th percentile length URIs (predicate),Max length URIs (predicate),Average length of URIs (object),Standard deviation lenght URIs (object),Min length URIs (object),25th percentile length URIs (object),Median length URIs (object),75th percentile length URIs (object),Max length URIs (object),Use RDF structures,License machine redeable (metadata),License machine redeable (query),License human redeable,Minimum latency,25th percentile latency,Median latency,75th percentile latency,Maximum latency,Average latency,Standard deviation of latency,Minimum throughput,25th percentile throughput,Median throughput,75th percentile throughput,Maximum throughput,Average throughput, Standard deviation of throughput, Number of triples (metadata),Number of triples (query),Number of entities,Number of entities counted with regex,Number of property,Dataset update frequency,Degree of connection,Clustering coefficient,Centrality,Number of samAs chains,External links,PageRank,Description,Dataset URL,Is on a trusted provider list,Trust value,Vocabularies,Author (query),Author (metadata),Contributor,Publisher,Sources,Signed, Number of triples,Number of triples linked,Interlinking completeness,New vocabularies defined in the dataset,New terms defined in the dataset,Number of labels/comments present on the data, Percentage of triples with labels,Regex uri,Presence of example,Number of blank nodes,Uses RDF structures,Deprecated classes/properties used,Entities as member of disjoint class,Triples with misplaced property problem,Triples with misplaced class problem,Ontology Hijacking problem,Undefined class used without declaration,Undefined properties used without declaration,Extensional conciseness,Intensional conciseness,Triples with empty annotation problem,Triples with white space in annotation(at the beginning or at the end),Triples with malformed data type literals problem,Functional properties with inconsistent values,Invalid usage of inverse-functional properties,Number of triples updated,Score,Normalized score,Limited,Offline dumps,Url file VoID,Availability VoID file,MinTPNoOff,MeanTPNoOff,MaxTPNoOff,sdTPNoOff,URIs Deferenceability
 data.odw.tw,,-,,-1,-,[],False,-,-,-,-,-,-,absent,-,-,-1,-,-,-,-,-,-,-,-,-,-,-,-,-,-,-,-,-,-,-,-,-,-,-,-,False,-,-,-,-,-,-,-,-,-,-,-,-,-,-,-,-,0,-,-,-,-,-,[],{},,-,[],None,False,absent,-,"0,0",-,-,False,-,-,Web:absent Name:absent Email:absent,-,0,0,0,-,-,-,-,-,False,-,-,-,-,-,-,-,-,-,-,-,-,-,-,-,-,-,0.2,0.37,-,[],,VoID file absent,-,-,-,-,-
0080-3626,Korespondencja Emila Szramka z Janem Kuderą,-,,1,-,['http://rocznikibiblioteczne.ibi.uni.wroc.pl/wp-content/uploads/2019/04/reiter.pdf'],False,-,-,-,-,-,-,absent,-,-,1,-,-,-,-,-,-,-,-,-,-,-,-,-,-,-,-,-,-,-,-,-,-,-,-,http://www.opendefinition.org/licenses/odc-by,-,-,-,-,-,-,-,-,-,-,-,-,-,-,-,-,8939,-,-,-,-,-,[],{},,-,[],None,Zapis korespondencji między Emilem Szramką a Janem Kuderą.,http://rocznikibiblioteczne.ibi.uni.wroc.pl/wp-content/uploads/2019/04/reiter.pdf,-,"0,75",-,-,"Name: absent, email: karolina.n.grzeszczak@gmail.com",-,-,Web:http://rocznikibiblioteczne.ibi.uni.wroc.pl/wp-content/uploads/2019/04/reiter.pdf Name:Karolina Grzeszczak Email:karolina.n.grzeszczak@gmail.com,-,8939,0,0.00,-,-,-,-,-,False,-,-,-,-,-,-,-,-,-,-,-,-,-,-,-,-,-,0.487,0.902,-,[],http://rocznikibiblioteczne.ibi.uni.wroc.pl/wp-content/uploads/2019/04/reiter.pdf/.well-known/void,VoID file offline,-,-,-,-,-
2000-us-census-rdf,2000 U.S. Census in RDF (rdfabout.com),-,http://www.rdfabout.com/sparql,-1,-,[],True,-,-,-,-,-,-,{},-,-,-1,-,-,-,-,-,-,-,-,-,-,-,-,-,-,-,-,-,-,-,-,-,-,-,-,Creative Commons Non-Commercial (Any) - cc-nc -,-,-,-,-,-,-,-,-,-,-,-,-,-,-,-,-,1002848918,-,-,-,-,-,4,"0,667","0,002",-,[],"9,042291420109063e-05","2000 U.S. Census converted into over a billion RDF triples.

Population statistics at various geographic levels, from the U.S. as a whole, down through states, counties, sub-counties (roughly, cities and incorporated towns)

Notes: also found in the of SPARQL Endpoints.

From home page:

> * For the detailed Census statistics, you'll have to download the raw Census data files from the Census Bureau, my Perl script and the patch file below and run it yourself because the files are too big for me to offer as a download!
> 
> * The data and scripts can be reused under Creative Commons Attribution-NonCommercial-ShareAlike.
",http://www.rdfabout.com/demo/census/,False,"0,75",-,-,False,-,-,Web:http://www.rdfabout.com/demo/census/ Name:Joshua Tauberer Email:http://razor.occams.info/,-,1002848918,0,0.00,-,-,-,-,-,True,-,-,-,-,-,-,-,-,-,-,-,-,-,-,-,-,-,0.337,0.624,-,[],http://www.rdfabout.com/demo/census//.well-known/void,VoID file offline,-,-,-,-,-
2001-spanish-census-to-rdf,2001 Spanish Census to RDF,-,http://visualdataweb.infor.uva.es/sparql,-1,-,[],True,-,-,-,-,-,-,{},-,-,-1,-,-,-,-,-,-,-,-,-,-,-,-,-,-,-,-,-,-,-,-,-,-,-,-,Creative Commons Attribution Share-Alike - cc-by-sa -,-,-,-,-,-,-,-,-,-,-,-,-,-,-,-,-,93325760,-,-,-,-,-,2,0,"0,001",-,"['Name:RDFLicense, value:1', 'Name:geonames, value:507']","0,00011599539051084959","This site offers information of the conversion process of a 5% sampling of the 2001 Spanish census from a plain useless format to RDF, a semantic representation supported by different products, services and protocols.",http://dataweb.infor.uva.es/census2001,True,"1,0",-,-,"Name: Miguel A. Martínez-Prieto, Email:migumar2@infor.uva.es",-,-,Web:http://dataweb.infor.uva.es/census2001 Name:Javier D. Fernández Email:jfergar@infor.uva.es,-,93325760,508,0.00,-,-,-,-,-,True,-,-,-,-,-,-,-,-,-,-,-,-,-,-,-,-,-,0.4,0.74,-,[],http://dataweb.infor.uva.es/census2001/.well-known/void,VoID file offline,-,-,-,-,-
a-collection-of-papers-for-lrec2014-and-related-workshops,A collection of Papers for LREC2014 and related Workshops,-,,-1,-,[],True,-,-,-,-,-,-,absent,-,-,-1,-,-,-,-,-,-,-,-,-,-,-,-,-,-,-,-,-,-,-,-,-,-,-,-,http://www.opendefinition.org/licenses/cc-by-sa,-,-,-,-,-,-,-,-,-,-,-,-,-,-,-,-,2993,-,-,-,-,-,[],{},,-,[],None,aA collection of accepted Papers at LREC2014 and related Workshops,absent,-,"0,5",-,-,False,-,-,Web:absent Name:Riccardo Del Gratta Email:riccardo.delgratta@ilc.cnr.it,-,2993,0,0.00,-,-,-,-,-,False,-,-,-,-,-,-,-,-,-,-,-,-,-,-,-,-,-,0.258,0.478,-,[],,VoID file absent,-,-,-,-,-
ABC,Test_m,-,,-1,-,[],False,-,-,-,-,-,-,absent,-,-,-1,-,-,-,-,-,-,-,-,-,-,-,-,-,-,-,-,-,-,-,-,-,-,-,-,http://www.nationalarchives.gov.uk/doc/open-government-licence/version/3/,-,-,-,-,-,-,-,-,-,-,-,-,-,-,-,-,0,-,-,-,-,-,[],{},,-,[],None,Test,https://lod-cloud.net,-,"0,75",-,-,"Name: absent, email: mengchuiwu@gmail.com",-,-,Web:https://lod-cloud.net Name:Suheyb Email:abc@gmail.com,-,0,0,0,-,-,-,-,-,False,-,-,-,-,-,-,-,-,-,-,-,-,-,-,-,-,-,0.387,0.717,-,[],https://lod-cloud.net/.well-known/void,VoID file offline,-,-,-,-,-
abhay intro,,-,,-1,-,[],False,-,-,-,-,-,-,absent,-,-,-1,-,-,-,-,-,-,-,-,-,-,-,-,-,-,-,-,-,-,-,-,-,-,-,-,False,-,-,-,-,-,-,-,-,-,-,-,-,-,-,-,-,0,-,-,-,-,-,[],{},,-,[],None,False,absent,-,"0,0",-,-,False,-,-,Web:absent Name:absent Email:absent,-,0,0,0,-,-,-,-,-,False,-,-,-,-,-,-,-,-,-,-,-,-,-,-,-,-,-,0.2,0.37,-,[],,VoID file absent,-,-,-,-,-
abs-linked-data,Australian Bureau of Statistics (ABS) Linked Data,-,http://abs.270a.info/sparql,-1,-,[],True,-,-,-,-,-,-,{},-,-,-1,-,-,-,-,-,-,-,-,-,-,-,-,-,-,-,-,-,-,-,-,-,-,-,-,Creative Commons CCZero - cc-zero -,-,-,-,-,-,-,-,-,-,-,-,-,-,-,-,-,2357400000,-,-,-,-,-,10,"0,756","0,005",-,"['Name:transparency-linked-data, value:99', 'Name:bis-linked-data, value:198', 'Name:bfs-linked-data, value:99', 'Name:world-bank-linked-data, value:99', 'Name:the-eurostat-linked-data, value:99', 'Name:geonames-semantic-web, value:99', 'Name:ecb-linked-data, value:99', 'Name:dbpedia, value:99', 'Name:uis-linked-data, value:495', 'Name:fao-linked-data, value:99']","0,0001118674715078352",ABS data and metadata,Absent,True,"0,75",-,-,"Name: Sarven Capadisli, Email:info@csarven.ca",-,-,Web:Absent Name:Sarven Capadisli Email:info@csarven.ca,-,2357400000,1485,0.00,-,-,-,-,-,True,-,-,-,-,-,-,-,-,-,-,-,-,-,-,-,-,-,0.387,0.717,-,[],,VoID file absent,-,-,-,-,-
academic-offer-of-unl,Academic Offer of UNL,-,http://91.239.64.176:8890/sparql,-1,-,[],True,-,-,-,-,-,-,{},-,-,-1,-,-,-,-,-,-,-,-,-,-,-,-,-,-,-,-,-,-,-,-,-,-,-,-,Creative Commons Attribution Share-Alike - cc-by-sa -,-,-,-,-,-,-,-,-,-,-,-,-,-,-,-,-,0,-,-,-,-,-,[],{},,-,[],None,"Datos relacionados con la oferta académica de la Universidad Nacional de Loja: Areas, Carreras, Módulos, Docentes, Asignaturas",Absent,-,"0,5",-,-,"Name: Ana González - Daniel Jimenez, Email:dannyjimenez110@gmail.com",-,-,Web:Absent Name:Ana González  - Daniel Jiménez  Email:dannyjimenez110@gmail.com,-,0,0,0,-,-,-,-,-,True,-,-,-,-,-,-,-,-,-,-,-,-,-,-,-,-,-,0.374,0.694,-,[],,VoID file absent,-,-,-,-,-
acadonto,AcadOnto,-,,0,-,[],True,-,-,-,-,-,-,absent,-,-,0,-,-,-,-,-,-,-,-,-,-,-,-,-,-,-,-,-,-,-,-,-,-,-,-,False,-,-,-,-,-,-,-,-,-,-,-,-,-,-,-,-,150000,-,-,-,-,-,[],{},,-,[],None,"An academic domain ontology populated using IIT Bombay organization corpus, web and the linked open data. 

Usage: Information Extraction, Information Retrieval	

Availability: Freely Avalable	",absent,-,"0,5",-,-,False,-,-,Web:absent Name: Email:,-,150000,0,0.00,-,-,-,-,-,False,-,-,-,-,-,-,-,-,-,-,-,-,-,-,-,-,-,0.208,0.385,-,"['http://www.resourcebook.eu/shareyourlr/data/LREC_251_res_1.gz', 'http://www.resourcebook.eu/shareyourlr/data/LREC_251_res_1.gz']",,VoID file absent,-,-,-,-,-
acorn-sat,Australian Climate Observations Reference Network - Surface Air Temperature Dataset,-,http://lab.environment.data.gov.au/sparql,1,-,"['http://lab.environment.data.gov.au/dumps/release/all_slices.zip', 'http://lab.environment.data.gov.au/dumps/release/observations.zip']",False,-,-,-,-,-,-,{},-,-,1,-,-,-,-,-,-,-,-,-,-,-,-,-,-,-,-,-,-,-,-,-,-,-,-,Other (Attribution) - other-at -,-,-,-,-,-,-,-,-,-,-,-,-,-,-,-,-,61406503,-,-,-,-,-,1,0,"0,001",-,"['Name:geonames, value:583']","8,135173873595122e-05","ACORN-SAT, the Australian Climate Observations Reference Network - Surface Air Temperature data set, is a homogenized daily maximum and minimum temperature data set containing data from 112 locations across Australia extending from 1910 to the present.",http://lab.environment.data.gov.au,True,"1,0",-,-,"Name: None, Email:firstname.lastname@csiro.au",-,-,Web:http://lab.environment.data.gov.au Name:Armin Haller Email:armin.haller@csiro.au,-,61406503,583,0.00,-,-,-,-,-,True,-,-,-,-,-,-,-,-,-,-,-,-,-,-,-,-,-,0.55,1.018,-,[],http://lab.environment.data.gov.au/data/acorn.rdf,VoID file offline,-,-,-,-,-
addgene,Addgene,-,,0,-,[],True,-,-,-,-,-,-,{},-,-,0,-,-,-,-,-,-,-,-,-,-,-,-,-,-,-,-,-,-,-,-,-,-,-,-,False,-,-,-,-,-,-,-,-,-,-,-,-,-,-,-,-,16610,-,-,-,-,-,1,0,"0,001",-,[],"8,156646747812483e-05","Data exposed: Addgene catalog (tab delimited file)

Size of dump and data set: 1.1 MB

Notes: provided to Science Commons by Addgene

### Openness: ?

T&C here: http://www.addgene.org/pgvec1?f=a&cmd=showfile&file=terms

However hard to work out what these mean ...",http://www.addgene.org/,False,"0,75",-,-,False,-,-,Web:http://www.addgene.org/ Name:Absent Email:Absent,-,16610,0,0.00,-,-,-,-,-,False,-,-,-,-,-,-,-,-,-,-,-,-,-,-,-,-,-,0.237,0.439,-,['http://purl.org/hcls/2007/kb-sources/addgene.ttl'],http://www.addgene.org//.well-known/void,VoID file offline,-,-,-,-,-
aegp-spanish-textile-and-clothing-association,"AEGP, Spanish Textile and Clothing Association",-,,-1,-,[],False,-,-,-,-,-,-,{},-,-,-1,-,-,-,-,-,-,-,-,-,-,-,-,-,-,-,-,-,-,-,-,-,-,-,-,Creative Commons Non-Commercial (Any) - cc-nc -,-,-,-,-,-,-,-,-,-,-,-,-,-,-,-,-,88645,-,-,-,-,-,4,"0,833","0,002",-,"['Name:nytimes-linked-open-data, value:223', 'Name:freebase, value:3933', 'Name:geonames-semantic-web, value:7547', 'Name:dbpedia, value:191']","8,420355813285399e-05","<p>
Semantic catalog of the <a href=""http://www.agrupaciontextil.org/"">Spanish Textile and Clothing Association (AEGP) companies</a>. AEGP is a voluntary professional national association that promotes the competitiveness of its companies through the promotion, defense and representation of their professional, economic and work interests. It offers specialized services that enhance their position in the environment. The catalog includes 2,500 textile and clothing companies.
</p>
<p>
AEGP works with <a href=""http://gnoss.com/"">GNOSS software (RIAM Intelearning Lab)</a>. RIAM is a company that develops semantic technology for the creation of specialized networks and linked markets. The project includes a faceted-based search engine and enriched contexts. Both are developments by GNOSS.
</p>

<p>
Catálogo semántico de las empresas de la <a href=""http://www.agrupaciontextil.org/"">Agrupación Española del Género de Punto (AEGP)</a>. AEGP es una asociación profesional voluntaria de ámbito estatal cuyo objetivo es impulsar la competitividad de las empresas asociadas, a través del fomento, la defensa y la representación de sus intereses laborales, profesionales y económicos y, mediante una oferta de servicios especializados que les permitan mejorar su posición en el entorno. El catálogo recoge 2500 empresas del sector.
</p>
<p>
AEGP trabaja con <a href=""http://gnoss.com/"">software de GNOSS (RIAM Intelearning Lab)</a>. RIAM es una compañía que desarrolla tecnología semántica para la creación de redes especializadas y mercados enlazados. El proyecto incluye un buscador facetado y contextos enriquecidos.
</p>",http://red.gnoss.com/comunidad/buscaempresas,False,"0,75",-,-,"Name: GNOSS Team, Email:gnoss@gnoss.com",-,-,Web:http://red.gnoss.com/comunidad/buscaempresas Name:GNOSS Team Email:gnoss@gnoss.com,-,88645,11894,0.13,-,-,-,-,-,True,-,-,-,-,-,-,-,-,-,-,-,-,-,-,-,-,-,0.444,0.821,-,[],http://red.gnoss.com/voidAEGP.n3,VoID file offline,-,-,-,-,-
aemet,AEMET metereological dataset,-,http://aemet.linkeddata.es/sparql,0,absent,[],True,2011-06-10,absent,-,-,-,-,{},"['Aemet Linked Data', 'AemetLinked Data (.es) is an open initiative of the Ontology Engineering Group (OEG) whose aim is to enrich the Web of Data with Spanish geospatial data', '2011-06-10', 'http://aemet.linkeddata.es/resource/.+', 'http://aemet.linkeddata.es/resource/Organizaci%C3%B3n/UPM', 'http://aemet.linkeddata.es/resource/Estacion/Estacion_08001', 'http://aemet.linkeddata.es/resource/Observacion/Observacion_en_1306446000000_de_08210_sobre_VMAX10m', 'http://aemet.linkeddata.es', 'http://rdfs.org/ns/void#Dataset', 'http://aemet.linkeddata.es/resource/Organizaci%C3%B3n/AEMET']",absent,0,-,-,-,-,-,-,-,-,-,-,-,-,-,-,-,-,-,-,-,-,-,-,-,-,License not specified - notspecified -,absent,-,-,-,-,-,-,-,-,-,-,-,-,-,-,-,62932032,-,information abaout entities absent,-,-,absent,2,0,"0,001",-,"['Name:DBpedia, value:82', 'Name:geolinkeddata, value:153']","8,319256100755194e-05",AemetLinked Data (.es) is an open initiative of the Ontology Engineering Group (OEG) whose aim is to enrich the Web of Data with Spanish geospatial data. This initiative started off by publishing diverse information sources belonging to the Spanish Meteorological Agency.,http://aemet.linkeddata.es/,False,"0,75",[],"['Aemet Linked Data', 'AemetLinked Data (.es) is an open initiative of the Ontology Engineering Group (OEG) whose aim is to enrich the Web of Data with Spanish geospatial data', '2011-06-10', 'http://aemet.linkeddata.es/resource/.+', 'http://aemet.linkeddata.es/resource/Organizaci%C3%B3n/UPM', 'http://aemet.linkeddata.es/resource/Estacion/Estacion_08001', 'http://aemet.linkeddata.es/resource/Observacion/Observacion_en_1306446000000_de_08210_sobre_VMAX10m', 'http://aemet.linkeddata.es', 'http://rdfs.org/ns/void#Dataset', 'http://aemet.linkeddata.es/resource/Organizaci%C3%B3n/AEMET']","Name: Daniel Garijo, Jose Mora and Boris Villazón-Terrazas, Email:dgarijov@gmail.com",['http://aemet.linkeddata.es/resource/Organizaci%C3%B3n/AEMET'],['http://aemet.linkeddata.es/resource/Organizaci%C3%B3n/UPM'],"Web:http://aemet.linkeddata.es/ Name:Ontology Engineering Group, Facultad de Informática, Universidad Politécnica de Madrid. Email:dgarijov@gmail.com",-,62932032,235,0.00,[],-,-,-,"['Aemet Linked Data', 'AemetLinked Data (.es) is an open initiative of the Ontology Engineering Group (OEG) whose aim is to enrich the Web of Data with Spanish geospatial data', '2011-06-10', 'http://aemet.linkeddata.es/resource/.+', 'http://aemet.linkeddata.es/resource/Organizaci%C3%B3n/UPM', 'http://aemet.linkeddata.es/resource/Estacion/Estacion_08001', 'http://aemet.linkeddata.es/resource/Observacion/Observacion_en_1306446000000_de_08210_sobre_VMAX10m', 'http://aemet.linkeddata.es', 'http://rdfs.org/ns/void#Dataset', 'http://aemet.linkeddata.es/resource/Organizaci%C3%B3n/AEMET']",True,-,-,-,-,-,-,-,-,-,-,-,-,-,-,-,-,-,0.637,1.18,-,['http://aemet.linkeddata.es/source/rdf/data.zip'],http://aemet.linkeddata.es/metadata/aemetvoid.ttl,VoID file available,-,-,-,-,-
agenda-de-zaragoza,,-,,-1,-,[],False,-,-,-,-,-,-,absent,-,-,-1,-,-,-,-,-,-,-,-,-,-,-,-,-,-,-,-,-,-,-,-,-,-,-,-,False,-,-,-,-,-,-,-,-,-,-,-,-,-,-,-,-,0,-,-,-,-,-,[],{},,-,[],None,False,absent,-,"0,0",-,-,False,-,-,Web:absent Name:absent Email:absent,-,0,0,0,-,-,-,-,-,False,-,-,-,-,-,-,-,-,-,-,-,-,-,-,-,-,-,0.2,0.37,-,[],,VoID file absent,-,-,-,-,-
agrinepaldata,AgriNepalData,-,http://agrinepaldata.com/sparql,-1,-,[],True,-,-,-,-,-,-,{},-,-,-1,-,-,-,-,-,-,-,-,-,-,-,-,-,-,-,-,-,-,-,-,-,-,-,-,Creative Commons Non-Commercial (Any) - cc-nc -,-,-,-,-,-,-,-,-,-,-,-,-,-,-,-,-,1433631,-,-,-,-,-,2,"1,000","0,001",-,"['Name:agrovoc, value:32294', 'Name:dbpedia, value:38469']","0,00023792501272466076",Ontology Based Data Access and Integration for Improving the Effectiveness of Farming in Nepal,Absent,False,"0,5",-,-,"Name: Suresh Pokharel, Email:pokharel@informatik.uni-leipzig.de",-,-,Web:Absent Name:Mohamed Sherif Email:sherif@informatic.uni-leipzig.de,-,1433631,70763,0.05,-,-,-,-,-,False,-,-,-,-,-,-,-,-,-,-,-,-,-,-,-,-,-,0.327,0.606,-,[],,VoID file absent,-,-,-,-,-
agris,AGRIS,-,http://202.45.139.84:10035/catalogs/fao/repositories/agris,-1,-,[],True,-,-,-,-,-,-,{},-,-,-1,-,-,-,-,-,-,-,-,-,-,-,-,-,-,-,-,-,-,-,-,-,-,-,-,Creative Commons Non-Commercial (Any) - cc-nc -,-,-,-,-,-,-,-,-,-,-,-,-,-,-,-,-,239565943,-,-,-,-,-,3,"0,333","0,002",-,"['Name:fao-geopolitical-ontology, value:500000', 'Name:dbpedia, value:3000000', 'Name:agrovoc-skos, value:10000000']","0,002416578871087742",AGRIS is one of the most important world-wide information systems in the area of the agricultural sciences. AGRIS is an initiative that was set up by FAO of the United Nations in 1974 to make information on agriculture research globally available. The historical overall objective of AGRIS is to improve access and exchange of information serving “the information needs of developed and developing countries on a partnership basis”.,http://agris.fao.org/aos/records/info.html,False,"0,75",-,-,"Name: FAO-OPCC, Email:fabrizio.celli@fao.org",-,-,Web:http://agris.fao.org/aos/records/info.html Name:FAO OEKC Email:agris@fao.org,-,239565943,13500000,0.06,-,-,-,-,-,True,-,-,-,-,-,-,-,-,-,-,-,-,-,-,-,-,-,0.39,0.722,-,[],http://agris.fao.org/void.ttl,VoID file offline,-,-,-,-,-
